occurrence	severity	id	file	line	column	message
1	Hint	TrimLambda	/Users/back/legado/app/src/main/java/io/legado/app/model/analyzeRule/AnalyzeByJSoup.kt	243	49	The lambda argument (`{ it <= ' ' }`) is unnecessary
2	Hint	TrimLambda	/Users/back/legado/app/src/main/java/io/legado/app/model/analyzeRule/AnalyzeByJSoup.kt	408	33	The lambda argument (`{ it <= ' ' }`) is unnecessary
3	Hint	TrimLambda	/Users/back/legado/app/src/main/java/io/legado/app/model/analyzeRule/AnalyzeByJSoup.kt	518	39	The lambda argument (`{ it <= ' ' }`) is unnecessary
4	Hint	TrimLambda	/Users/back/legado/app/src/main/java/io/legado/app/model/analyzeRule/AnalyzeRule.kt	502	72	The lambda argument (`{ it <= ' ' }`) is unnecessary
5	Hint	TrimLambda	/Users/back/legado/app/src/main/java/io/legado/app/model/analyzeRule/AnalyzeRule.kt	512	49	The lambda argument (`{ it <= ' ' }`) is unnecessary
6	Hint	TrimLambda	/Users/back/legado/app/src/main/java/io/legado/app/model/analyzeRule/AnalyzeUrl.kt	202	75	The lambda argument (`{ it <= ' ' }`) is unnecessary
7	Hint	TrimLambda	/Users/back/legado/app/src/main/java/io/legado/app/model/analyzeRule/AnalyzeUrl.kt	204	72	The lambda argument (`{ it <= ' ' }`) is unnecessary
8	Hint	TrimLambda	/Users/back/legado/app/src/main/java/io/legado/app/help/book/BookHelp.kt	489	19	The lambda argument (`{ it <= ' ' }`) is unnecessary
9	Hint	TrimLambda	/Users/back/legado/app/src/main/java/io/legado/app/help/book/BookHelp.kt	498	19	The lambda argument (`{ it <= ' ' }`) is unnecessary
10	Hint	TrimLambda	/Users/back/legado/app/src/main/java/io/legado/app/help/book/ContentHelp.kt	30	30	The lambda argument (`{ it <= ' ' }`) is unnecessary
11	Hint	TrimLambda	/Users/back/legado/app/src/main/java/io/legado/app/help/book/ContentHelp.kt	30	57	The lambda argument (`{ it <= ' ' }`) is unnecessary
12	Hint	TrimLambda	/Users/back/legado/app/src/main/java/io/legado/app/help/http/CookieStore.kt	98	37	The lambda argument (`{ it <= ' ' }`) is unnecessary
13	Hint	TrimLambda	/Users/back/legado/app/src/main/java/io/legado/app/help/http/CookieStore.kt	100	50	The lambda argument (`{ it <= ' ' }`) is unnecessary
14	Hint	TrimLambda	/Users/back/legado/app/src/main/java/io/legado/app/help/http/CookieStore.kt	101	45	The lambda argument (`{ it <= ' ' }`) is unnecessary
15	Hint	TrimLambda	/Users/back/legado/app/src/main/java/io/legado/app/utils/FileUtils.kt	423	68	The lambda argument (`{ it <= ' ' }`) is unnecessary
16	Hint	TrimLambda	/Users/back/legado/app/src/main/java/io/legado/app/utils/JsoupExtensions.kt	37	51	The lambda argument (`{ it <= ' ' }`) is unnecessary
17	Hint	TrimLambda	/Users/back/legado/app/src/main/java/io/legado/app/receiver/SharedReceiverActivity.kt	52	53	The lambda argument (`{ it <= ' ' }`) is unnecessary
18	Warning	UnusedAttribute	/Users/back/legado/app/src/main/res/layout/item_rss.xml	9	5	Attribute `android:foreground` has no effect on API levels lower than 23 (current min is 21)
19	Warning	AndroidGradlePluginVersion	/Users/back/legado/gradle/wrapper/gradle-wrapper.properties	4	17	A newer version of Gradle than 8.13 is available: 8.14.5
20	Warning	AndroidGradlePluginVersion	/Users/back/legado/gradle/libs.versions.toml	5	7	A newer version of com.android.application than 8.13.2 is available: 9.3.2
21	Warning	AndroidGradlePluginVersion	/Users/back/legado/gradle/libs.versions.toml	5	7	A newer version of com.android.library than 8.13.2 is available: 9.3.2
22	Warning	AndroidGradlePluginVersion	/Users/back/legado/gradle/libs.versions.toml	5	7	A newer version of com.android.test than 8.13.2 is available: 9.3.2
23	Warning	GradleDependency	/Users/back/legado/gradle/libs.versions.toml	6	13	A newer version of androidx.appcompat:appcompat than 1.7.1 is available: 1.8.0
24	Warning	GradleDependency	/Users/back/legado/gradle/libs.versions.toml	8	20	A newer version of androidx.constraintlayout:constraintlayout than 2.2.1 is available: 2.2.2
25	Warning	GradleDependency	/Users/back/legado/gradle/libs.versions.toml	9	8	A newer version of androidx.core:core than 1.17.0 is available: 1.19.0
26	Warning	GradleDependency	/Users/back/legado/gradle/libs.versions.toml	9	8	A newer version of androidx.core:core-ktx than 1.17.0 is available: 1.19.0
27	Warning	GradleDependency	/Users/back/legado/gradle/libs.versions.toml	11	12	A newer version of androidx.fragment:fragment than 1.8.9 is available: 1.9.0
28	Warning	GradleDependency	/Users/back/legado/gradle/libs.versions.toml	11	12	A newer version of androidx.fragment:fragment-ktx than 1.8.9 is available: 1.9.0
29	Warning	GradleDependency	/Users/back/legado/gradle/libs.versions.toml	11	12	A newer version of androidx.fragment:fragment-testing than 1.8.9 is available: 1.9.0
30	Warning	GradleDependency	/Users/back/legado/gradle/libs.versions.toml	22	12	A newer version of com.google.android.material:material than 1.13.0 is available: 1.14.0
31	Warning	GradleDependency	/Users/back/legado/gradle/libs.versions.toml	23	9	A newer version of androidx.media:media than 1.7.1 is available: 1.8.0
32	Warning	GradleDependency	/Users/back/legado/gradle/libs.versions.toml	34	14	A newer version of androidx.collection:collection than 1.5.0 is available: 1.6.0
33	Warning	GradleDependency	/Users/back/legado/gradle/libs.versions.toml	80	87	A newer version of androidx.annotation:annotation than 1.9.1 is available: 1.10.0
34	Warning	GradleDependency	/Users/back/legado/gradle/libs.versions.toml	91	87	A newer version of androidx.test.espresso:espresso-core than 3.6.1 is available: 3.7.0
35	Warning	GradleDependency	/Users/back/legado/gradle/libs.versions.toml	97	66	A newer version of androidx.test.ext:junit than 1.2.1 is available: 1.3.0
36	Warning	GradleDependency	/Users/back/legado/gradle/libs.versions.toml	149	64	A newer version of androidx.test:runner than 1.6.2 is available: 1.7.0
37	Warning	NewerVersionAvailable	/Users/back/legado/gradle/libs.versions.toml	3	10	A newer version of org.jetbrains.kotlin.android than 2.3.0 is available: 2.4.10
38	Warning	NewerVersionAvailable	/Users/back/legado/gradle/libs.versions.toml	3	10	A newer version of org.jetbrains.kotlin.jvm than 2.3.0 is available: 2.4.10
39	Warning	NewerVersionAvailable	/Users/back/legado/gradle/libs.versions.toml	3	10	A newer version of org.jetbrains.kotlin.kapt than 2.3.0 is available: 2.4.10
40	Warning	NewerVersionAvailable	/Users/back/legado/gradle/libs.versions.toml	3	10	A newer version of org.jetbrains.kotlin.plugin.allopen than 2.3.0 is available: 2.4.10
41	Warning	NewerVersionAvailable	/Users/back/legado/gradle/libs.versions.toml	3	10	A newer version of org.jetbrains.kotlin.plugin.lombok than 2.3.0 is available: 2.4.10
42	Warning	NewerVersionAvailable	/Users/back/legado/gradle/libs.versions.toml	3	10	A newer version of org.jetbrains.kotlin.plugin.noarg than 2.3.0 is available: 2.4.10
43	Warning	NewerVersionAvailable	/Users/back/legado/gradle/libs.versions.toml	3	10	A newer version of org.jetbrains.kotlin.plugin.parcelize than 2.3.0 is available: 2.4.10
44	Warning	NewerVersionAvailable	/Users/back/legado/gradle/libs.versions.toml	3	10	A newer version of org.jetbrains.kotlin.plugin.sam.with.receiver than 2.3.0 is available: 2.4.10
45	Warning	NewerVersionAvailable	/Users/back/legado/gradle/libs.versions.toml	3	10	A newer version of org.jetbrains.kotlin.plugin.serialization than 2.3.0 is available: 2.4.10
46	Warning	NewerVersionAvailable	/Users/back/legado/gradle/libs.versions.toml	15	9	A newer version of com.github.bumptech.glide:avif-integration than 5.0.5 is available: 5.0.9
47	Warning	NewerVersionAvailable	/Users/back/legado/gradle/libs.versions.toml	15	9	A newer version of com.github.bumptech.glide:compiler than 5.0.5 is available: 5.0.9
48	Warning	NewerVersionAvailable	/Users/back/legado/gradle/libs.versions.toml	15	9	A newer version of com.github.bumptech.glide:glide than 5.0.5 is available: 5.0.9
49	Warning	NewerVersionAvailable	/Users/back/legado/gradle/libs.versions.toml	15	9	A newer version of com.github.bumptech.glide:ksp than 5.0.5 is available: 5.0.9
50	Warning	NewerVersionAvailable	/Users/back/legado/gradle/libs.versions.toml	15	9	A newer version of com.github.bumptech.glide:okhttp3-integration than 5.0.5 is available: 5.0.9
51	Warning	NewerVersionAvailable	/Users/back/legado/gradle/libs.versions.toml	15	9	A newer version of com.github.bumptech.glide:recyclerview-integration than 5.0.5 is available: 5.0.9
52	Warning	NewerVersionAvailable	/Users/back/legado/gradle/libs.versions.toml	16	8	A newer version of com.google.code.gson:gson than 2.13.2 is available: 2.14.0
53	Warning	NewerVersionAvailable	/Users/back/legado/gradle/libs.versions.toml	17	12	A newer version of com.jayway.jsonpath:json-path than 2.10.0 is available: 3.0.0
54	Warning	NewerVersionAvailable	/Users/back/legado/gradle/libs.versions.toml	18	14	A newer version of cn.wanghaomiao:JsoupXpath than 2.5.3 is available: 2.5.5
55	Warning	NewerVersionAvailable	/Users/back/legado/gradle/libs.versions.toml	19	14	A newer version of org.jetbrains.kotlinx:kotlinx-coroutines-android than 1.10.2 is available: 1.11.0
56	Warning	NewerVersionAvailable	/Users/back/legado/gradle/libs.versions.toml	19	14	A newer version of org.jetbrains.kotlinx:kotlinx-coroutines-core than 1.10.2 is available: 1.11.0
57	Warning	NewerVersionAvailable	/Users/back/legado/gradle/libs.versions.toml	25	10	A newer version of com.squareup.okhttp3:okhttp than 5.3.2 is available: 5.5.0
58	Warning	NewerVersionAvailable	/Users/back/legado/gradle/libs.versions.toml	36	13	A newer version of com.github.jenly1314:zxing-lite than 3.3.0 is available: 3.5.0
59	Warning	NewerVersionAvailable	/Users/back/legado/gradle/libs.versions.toml	56	9	A newer version of org.mozilla:rhino than 1.8.1 is available: 1.9.1
60	Warning	NewerVersionAvailable	/Users/back/legado/gradle/libs.versions.toml	137	75	A newer version of com.github.bumptech.glide:compose than 1.0.0-beta01 is available: 1.0.0-beta10
61	Warning	NewerVersionAvailable	/Users/back/legado/gradle/libs.versions.toml	210	55	A newer version of de.undercouch.download than 5.6.0 is available: 5.7.0
62	Warning	DiscouragedApi	/Users/back/legado/app/src/main/AndroidManifest.xml	205	13	Fixed screen orientations will be ignored in most cases, starting from Android 16. Android is moving toward a model where apps are expected to adapt to various orientations, display sizes, and aspect ratios.
63	Warning	DiscouragedApi	/Users/back/legado/app/src/main/AndroidManifest.xml	210	13	Fixed screen orientations will be ignored in most cases, starting from Android 16. Android is moving toward a model where apps are expected to adapt to various orientations, display sizes, and aspect ratios.
64	Warning	DiscouragedApi	/Users/back/legado/app/src/main/AndroidManifest.xml	215	13	Fixed screen orientations will be ignored in most cases, starting from Android 16. Android is moving toward a model where apps are expected to adapt to various orientations, display sizes, and aspect ratios.
65	Warning	DiscouragedApi	/Users/back/legado/app/src/main/AndroidManifest.xml	220	13	Fixed screen orientations will be ignored in most cases, starting from Android 16. Android is moving toward a model where apps are expected to adapt to various orientations, display sizes, and aspect ratios.
66	Warning	DiscouragedApi	/Users/back/legado/app/src/main/AndroidManifest.xml	225	13	Fixed screen orientations will be ignored in most cases, starting from Android 16. Android is moving toward a model where apps are expected to adapt to various orientations, display sizes, and aspect ratios.
67	Warning	DiscouragedApi	/Users/back/legado/app/src/main/AndroidManifest.xml	230	13	Fixed screen orientations will be ignored in most cases, starting from Android 16. Android is moving toward a model where apps are expected to adapt to various orientations, display sizes, and aspect ratios.
68	Warning	DiscouragedApi	/Users/back/legado/app/src/main/AndroidManifest.xml	235	13	Fixed screen orientations will be ignored in most cases, starting from Android 16. Android is moving toward a model where apps are expected to adapt to various orientations, display sizes, and aspect ratios.
69	Warning	DiscouragedApi	/Users/back/legado/app/src/main/AndroidManifest.xml	240	13	Fixed screen orientations will be ignored in most cases, starting from Android 16. Android is moving toward a model where apps are expected to adapt to various orientations, display sizes, and aspect ratios.
70	Warning	DiscouragedApi	/Users/back/legado/app/src/main/AndroidManifest.xml	245	13	Fixed screen orientations will be ignored in most cases, starting from Android 16. Android is moving toward a model where apps are expected to adapt to various orientations, display sizes, and aspect ratios.
71	Warning	DiscouragedApi	/Users/back/legado/app/src/main/java/io/legado/app/lib/prefs/IconListPreference.kt	45	18	"Use of this function is discouraged because resource reflection makes it harder to perform build optimizations and compile-time verification of code. It is much more efficient to retrieve resources by identifier (e.g. `R.foo.bar`) than by name (e.g. `getIdentifier(""bar"", ""foo"", null)`)."
72	Warning	DiscouragedApi	/Users/back/legado/app/src/main/java/io/legado/app/lib/prefs/IconListPreference.kt	174	30	"Use of this function is discouraged because resource reflection makes it harder to perform build optimizations and compile-time verification of code. It is much more efficient to retrieve resources by identifier (e.g. `R.foo.bar`) than by name (e.g. `getIdentifier(""bar"", ""foo"", null)`)."
73	Warning	UseCompoundDrawables	/Users/back/legado/app/src/main/res/layout/item_path_picker.xml	2	2	This tag and its children can be replaced by one `<TextView/>` and a compound drawable
74	Warning	VectorPath	/Users/back/legado/app/src/main/res/drawable/ic_launcher3.xml	7	27	Very long vector path (6019 characters), which is bad for performance. Considering reducing precision, removing minor details or rasterizing vector.
75	Warning	Overdraw	/Users/back/legado/app/src/main/res/layout/activity_audio_play.xml	7	5	Possible overdraw: Root element paints background `@color/background` with a theme that also paints a background (inferred theme is `@style/AppTheme.Light`)
76	Warning	Overdraw	/Users/back/legado/app/src/main/res/layout/activity_source_login.xml	7	5	Possible overdraw: Root element paints background `@color/transparent50` with a theme that also paints a background (inferred theme is `@style/AppTheme.Light`)
77	Warning	Overdraw	/Users/back/legado/app/src/main/res/layout/activity_translucence.xml	6	5	Possible overdraw: Root element paints background `@color/transparent50` with a theme that also paints a background (inferred theme is `@style/AppTheme.Light`)
78	Warning	Overdraw	/Users/back/legado/app/src/main/res/layout/dialog_auto_read.xml	7	5	Possible overdraw: Root element paints background `@color/background_menu` with a theme that also paints a background (inferred theme is `@style/AppTheme.Light`)
79	Warning	Overdraw	/Users/back/legado/app/src/main/res/layout/dialog_book_change_source.xml	7	5	Possible overdraw: Root element paints background `@color/background` with a theme that also paints a background (inferred theme is `@style/AppTheme.Light`)
80	Warning	Overdraw	/Users/back/legado/app/src/main/res/layout/dialog_chapter_change_source.xml	7	5	Possible overdraw: Root element paints background `@color/background` with a theme that also paints a background (inferred theme is `@style/AppTheme.Light`)
81	Warning	Overdraw	/Users/back/legado/app/src/main/res/layout/dialog_click_action_config.xml	8	5	Possible overdraw: Root element paints background `@color/translucent` with a theme that also paints a background (inferred theme is `@style/AppTheme.Light`)
82	Warning	Overdraw	/Users/back/legado/app/src/main/res/layout/dialog_code_view.xml	6	5	Possible overdraw: Root element paints background `@color/background` with a theme that also paints a background (inferred theme is `@style/AppTheme.Light`)
83	Warning	Overdraw	/Users/back/legado/app/src/main/res/layout/dialog_content_edit.xml	6	5	Possible overdraw: Root element paints background `@color/background` with a theme that also paints a background (inferred theme is `@style/AppTheme.Light`)
84	Warning	Overdraw	/Users/back/legado/app/src/main/res/layout/dialog_file_chooser.xml	7	5	Possible overdraw: Root element paints background `@color/background` with a theme that also paints a background (inferred theme is `@style/AppTheme.Light`)
85	Warning	Overdraw	/Users/back/legado/app/src/main/res/layout/dialog_page_key.xml	7	5	Possible overdraw: Root element paints background `@color/background` with a theme that also paints a background (inferred theme is `@style/AppTheme.Light`)
86	Warning	Overdraw	/Users/back/legado/app/src/main/res/layout/dialog_photo_view.xml	5	5	Possible overdraw: Root element paints background `@color/background` with a theme that also paints a background (inferred theme is `@style/AppTheme.Light`)
87	Warning	Overdraw	/Users/back/legado/app/src/main/res/layout/dialog_read_aloud.xml	8	5	Possible overdraw: Root element paints background `@color/background_menu` with a theme that also paints a background (inferred theme is `@style/AppTheme.Light`)
88	Warning	Overdraw	/Users/back/legado/app/src/main/res/layout/dialog_read_bg_text.xml	8	5	Possible overdraw: Root element paints background `@color/background` with a theme that also paints a background (inferred theme is `@style/AppTheme.Light`)
89	Warning	Overdraw	/Users/back/legado/app/src/main/res/layout/dialog_read_book_style.xml	8	5	Possible overdraw: Root element paints background `@color/background` with a theme that also paints a background (inferred theme is `@style/AppTheme.Light`)
90	Warning	Overdraw	/Users/back/legado/app/src/main/res/layout/dialog_search_scope.xml	7	5	Possible overdraw: Root element paints background `@color/background` with a theme that also paints a background (inferred theme is `@style/AppTheme.Light`)
91	Warning	Overdraw	/Users/back/legado/app/src/main/res/layout/dialog_text_view.xml	6	5	Possible overdraw: Root element paints background `@color/background` with a theme that also paints a background (inferred theme is `@style/AppTheme.Light`)
92	Warning	Overdraw	/Users/back/legado/app/src/main/res/layout/dialog_wait.xml	5	5	Possible overdraw: Root element paints background `@color/background` with a theme that also paints a background (inferred theme is `@style/AppTheme.Light`)
93	Warning	Overdraw	/Users/back/legado/app/src/main/res/layout/item_1line_text.xml	9	5	Possible overdraw: Root element paints background `?attr/selectableItemBackground` with a theme that also paints a background (inferred theme is `@style/AppTheme.Light`)
94	Warning	Overdraw	/Users/back/legado/app/src/main/res/layout/item_app_log.xml	6	5	Possible overdraw: Root element paints background `?android:attr/selectableItemBackground` with a theme that also paints a background (inferred theme is `@style/AppTheme.Light`)
95	Warning	Overdraw	/Users/back/legado/app/src/main/res/layout/item_book_group_manage.xml	6	5	Possible overdraw: Root element paints background `@color/background` with a theme that also paints a background (inferred theme is `@style/AppTheme.Light`)
96	Warning	Overdraw	/Users/back/legado/app/src/main/res/layout/item_book_manga_edge.xml	6	5	Possible overdraw: Root element paints background `@color/book_ant_10` with a theme that also paints a background (inferred theme is `@style/AppTheme.Light`)
97	Warning	Overdraw	/Users/back/legado/app/src/main/res/layout/item_book_manga_page.xml	8	5	Possible overdraw: Root element paints background `@color/book_ant_10` with a theme that also paints a background (inferred theme is `@style/AppTheme.Light`)
98	Warning	Overdraw	/Users/back/legado/app/src/main/res/layout/item_book_source.xml	7	5	Possible overdraw: Root element paints background `?android:attr/selectableItemBackground` with a theme that also paints a background (inferred theme is `@style/AppTheme.Light`)
99	Warning	Overdraw	/Users/back/legado/app/src/main/res/layout/item_bookmark.xml	7	5	Possible overdraw: Root element paints background `?android:attr/selectableItemBackground` with a theme that also paints a background (inferred theme is `@style/AppTheme.Light`)
100	Warning	Overdraw	/Users/back/legado/app/src/main/res/layout/item_change_source.xml	7	5	Possible overdraw: Root element paints background `?android:attr/selectableItemBackground` with a theme that also paints a background (inferred theme is `@style/AppTheme.Light`)
101	Warning	Overdraw	/Users/back/legado/app/src/main/res/layout/item_chapter_list.xml	8	5	Possible overdraw: Root element paints background `?android:attr/selectableItemBackground` with a theme that also paints a background (inferred theme is `@style/AppTheme.Light`)
102	Warning	Overdraw	/Users/back/legado/app/src/main/res/layout/item_file.xml	9	5	Possible overdraw: Root element paints background `?attr/selectableItemBackground` with a theme that also paints a background (inferred theme is `@style/AppTheme.Light`)
103	Warning	Overdraw	/Users/back/legado/app/src/main/res/layout/item_font.xml	6	5	Possible overdraw: Root element paints background `?android:attr/selectableItemBackground` with a theme that also paints a background (inferred theme is `@style/AppTheme.Light`)
104	Warning	Overdraw	/Users/back/legado/app/src/main/res/layout/item_group_manage.xml	5	5	Possible overdraw: Root element paints background `@color/background` with a theme that also paints a background (inferred theme is `@style/AppTheme.Light`)
105	Warning	Overdraw	/Users/back/legado/app/src/main/res/layout/item_group_select.xml	5	5	Possible overdraw: Root element paints background `@color/background` with a theme that also paints a background (inferred theme is `@style/AppTheme.Light`)
106	Warning	Overdraw	/Users/back/legado/app/src/main/res/layout/item_import_book.xml	7	5	Possible overdraw: Root element paints background `?attr/selectableItemBackground` with a theme that also paints a background (inferred theme is `@style/AppTheme.Light`)
107	Warning	Overdraw	/Users/back/legado/app/src/main/res/layout/item_read_record.xml	7	5	Possible overdraw: Root element paints background `?attr/selectableItemBackground` with a theme that also paints a background (inferred theme is `@style/AppTheme.Light`)
108	Warning	Overdraw	/Users/back/legado/app/src/main/res/layout/item_rss_read_record.xml	6	5	Possible overdraw: Root element paints background `?android:attr/selectableItemBackground` with a theme that also paints a background (inferred theme is `@style/AppTheme.Light`)
109	Warning	Overdraw	/Users/back/legado/app/src/main/res/layout/item_rss_source.xml	6	5	Possible overdraw: Root element paints background `?android:attr/selectableItemBackground` with a theme that also paints a background (inferred theme is `@style/AppTheme.Light`)
110	Warning	Overdraw	/Users/back/legado/app/src/main/res/layout/item_search_list.xml	7	5	Possible overdraw: Root element paints background `?android:attr/selectableItemBackground` with a theme that also paints a background (inferred theme is `@style/AppTheme.Light`)
111	Warning	Overdraw	/Users/back/legado/app/src/main/res/layout/item_server_select.xml	6	5	Possible overdraw: Root element paints background `@color/background` with a theme that also paints a background (inferred theme is `@style/AppTheme.Light`)
112	Warning	Overdraw	/Users/back/legado/app/src/main/res/layout/item_text.xml	7	5	Possible overdraw: Root element paints background `?attr/selectableItemBackground` with a theme that also paints a background (inferred theme is `@style/AppTheme.Light`)
113	Warning	Overdraw	/Users/back/legado/app/src/main/res/layout/item_txt_toc_rule.xml	7	5	Possible overdraw: Root element paints background `?android:attr/selectableItemBackground` with a theme that also paints a background (inferred theme is `@style/AppTheme.Light`)
114	Warning	Overdraw	/Users/back/legado/app/src/main/res/layout/popup_keyboard_tool.xml	8	5	Possible overdraw: Root element paints background `@color/background_card` with a theme that also paints a background (inferred theme is `@style/AppTheme.Light`)
115	Warning	Overdraw	/Users/back/legado/app/src/main/res/layout/view_book_page.xml	8	5	Possible overdraw: Root element paints background `@color/background` with a theme that also paints a background (inferred theme is `@style/AppTheme.Light`)
116	Warning	UnusedResources	/Users/back/legado/app/src/main/res/layout/dialog_progressbar_view.xml	2	1	The resource `R.layout.dialog_progressbar_view` appears to be unused
117	Warning	UnusedResources	/Users/back/legado/app/src/main/res/values/strings.xml	196	13	The resource `R.string.del_all` appears to be unused
118	Warning	UselessParent	/Users/back/legado/app/src/main/res/layout/view_manga_menu.xml	85	10	This `LinearLayout` layout or its `LinearLayout` parent is unnecessary; transfer the `background` attribute to the other view
119	Warning	IconLocation	/Users/back/legado/app/src/main/res/drawable/icon_read_book.png			Found bitmap drawable `res/drawable/icon_read_book.png` in densityless folder
120	Warning	IconLocation	/Users/back/legado/app/src/main/res/drawable/image_cover_default.jpg			Found bitmap drawable `res/drawable/image_cover_default.jpg` in densityless folder
121	Warning	IconLocation	/Users/back/legado/app/src/main/res/drawable/image_legado.png			Found bitmap drawable `res/drawable/image_legado.png` in densityless folder
122	Warning	IconLocation	/Users/back/legado/app/src/main/res/drawable/image_loading_error.png			Found bitmap drawable `res/drawable/image_loading_error.png` in densityless folder
123	Warning	IconLocation	/Users/back/legado/app/src/main/res/drawable/image_rss.jpg			Found bitmap drawable `res/drawable/image_rss.jpg` in densityless folder
124	Warning	IconLocation	/Users/back/legado/app/src/main/res/drawable/image_rss_article.jpg			Found bitmap drawable `res/drawable/image_rss_article.jpg` in densityless folder
125	Warning	IconDuplicates	/Users/back/legado/app/src/main/res/mipmap-xxxhdpi/ic_launcher.png			The following unrelated icon files have identical contents: image_legado.png, ic_launcher.png
125	Warning	IconDuplicates	/Users/back/legado/app/src/main/res/drawable/image_legado.png			The following unrelated icon files have identical contents: image_legado.png, ic_launcher.png
126	Hint	ReportShortcutUsage	/Users/back/legado/app/src/main/java/io/legado/app/api/ShortCuts.kt	54	9	Calling this method indicates use of dynamic shortcuts, but there are no calls to methods that track shortcut usage, such as `pushDynamicShortcut` or `reportShortcutUsed`. Calling these methods is recommended, as they track shortcut usage and allow launchers to adjust which shortcuts appear based on activation history. Please see https://developer.android.com/develop/ui/views/launch/shortcuts/managing-shortcuts#track-usage
